Award,Field,Day,Month,Year
Nobel,Chemistry,8,10,2008
Nobel,Chemistry,7,10,2009
Nobel,Chemistry,6,10,2010
Nobel,Chemistry,5,10,2011
Nobel,Chemistry,10,10,2012
Nobel,Chemistry,9,10,2013
Nobel,Chemistry,8,10,2014
Nobel,Chemistry,7,10,2015
Nobel,Physics,7,10,2008
Nobel,Physics,6,10,2009
Nobel,Physics,5,10,2010
Nobel,Physics,4,10,2011
Nobel,Physics,9,10,2012
Nobel,Physics,8,10,2013
Nobel,Physics,7,10,2014
Nobel,Physics,6,10,2015
Nobel,Physiology or Medicine,6,10,2008
Nobel,Physiology or Medicine,5,10,2009
Nobel,Physiology or Medicine,4,10,2010
Nobel,Physiology or Medicine,3,10,2011
Nobel,Physiology or Medicine,8,10,2012
Nobel,Physiology or Medicine,7,10,2013
Nobel,Physiology or Medicine,6,10,2014
Nobel,Physiology or Medicine,6,10,2015
Nobel,Economics,13,10,2008
Nobel,Economics,12,10,2009
Nobel,Economics,11,10,2010
Nobel,Economics,10,10,2011
Nobel,Economics,15,10,2012
Nobel,Economics,14,10,2013
Nobel,Economics,13,10,2014
Nobel,Economics,12,10,2015
Fields Medal,Mathematics,19,8,2010
Fields Medal,Mathematics,13,8,2014
Abel Prize,Mathematics,27,3,2008
Abel Prize,Mathematics,26,3,2009
Abel Prize,Mathematics,24,3,2010
Abel Prize,Mathematics,23,3,2011
Abel Prize,Mathematics,21,3,2012
Abel Prize,Mathematics,20,3,2013
Abel Prize,Mathematics,26,3,2014
Abel Prize,Mathematics,25,3,2015
International Prize for Biology,Biology,17,9,2008
International Prize for Biology,Biology,15,9,2009
International Prize for Biology,Biology,7,10,2010
International Prize for Biology,Biology,17,10,2011
International Prize for Biology,Biology,7,9,2012
International Prize for Biology,Biology,17,9,2013
International Prize for Biology,Biology,1,9,2014
International Prize for Biology,Biology,29,7,2015
IEEE Medal of Honor,Computer Science,20,9,2008
IEEE Medal of Honor,Computer Science,25,6,2009
IEEE Medal of Honor,Computer Science,26,6,2010
IEEE Medal of Honor,Computer Science,20,8,2011
IEEE Medal of Honor,Computer Science,30,6,2012
IEEE Medal of Honor,Computer Science,29,6,2013
IEEE Medal of Honor,Computer Science,23,8,2014
IEEE Medal of Honor,Computer Science,20,6,2015
Citation Laureate,Chemistry,8,10,2008
Citation Laureate,Chemistry,7,10,2009
Citation Laureate,Chemistry,6,10,2010
Citation Laureate,Chemistry,5,10,2011
Citation Laureate,Chemistry,10,10,2012
Citation Laureate,Chemistry,9,10,2013
Citation Laureate,Chemistry,8,10,2014
Citation Laureate,Chemistry,7,10,2015
Citation Laureate,Physics,7,10,2008
Citation Laureate,Physics,6,10,2009
Citation Laureate,Physics,5,10,2010
Citation Laureate,Physics,4,10,2011
Citation Laureate,Physics,9,10,2012
Citation Laureate,Physics,8,10,2013
Citation Laureate,Physics,7,10,2014
Citation Laureate,Physics,6,10,2015
Citation Laureate,Physiology or Medicine,6,10,2008
Citation Laureate,Physiology or Medicine,5,10,2009
Citation Laureate,Physiology or Medicine,4,10,2010
Citation Laureate,Physiology or Medicine,3,10,2011
Citation Laureate,Physiology or Medicine,8,10,2012
Citation Laureate,Physiology or Medicine,7,10,2013
Citation Laureate,Physiology or Medicine,6,10,2014
Citation Laureate,Physiology or Medicine,6,10,2015
Citation Laureate,Economics,13,10,2008
Citation Laureate,Economics,12,10,2009
Citation Laureate,Economics,11,10,2010
Citation Laureate,Economics,10,10,2011
Citation Laureate,Economics,15,10,2012
Citation Laureate,Economics,14,10,2013
Citation Laureate,Economics,13,10,2014
Citation Laureate,Economics,12,10,2015
Fields Medal,Mathematics,19,8,2010
Fields Medal,Mathematics,13,8,2014
