Name,Wikipage,Award,Field,Research Topic,Year,Gender,Status
Yoichiro Nambu,https://en.wikipedia.org/wiki/Yoichiro_Nambu,Nobel,Physics,"Theoretical physics,  Subatomic physics, Broken symmetry ",2008,male,dead
Makoto Kobayashi,https://en.wikipedia.org/wiki/Makoto_Kobayashi_(physicist),Nobel,Physics,High energy physics,2008,male,alive
Toshihide Maskawa,https://en.wikipedia.org/wiki/Toshihide_Maskawa,Nobel,Physics,High energy physics,2008,male,alive
Osamu Shimomura,https://en.wikipedia.org/wiki/Osamu_Shimomura,Nobel,Chemistry,"Organic chemistry, Molecular Biology, Genetics",2008,male,alive
Martin Chalfie,https://en.wikipedia.org/wiki/Martin_Chalfie,Nobel,Chemistry,"Neurobiology, Organic chemistry, Molecular Biology, Genetics",2008,male,alive
Roger Y. Tsien,https://en.wikipedia.org/wiki/Roger_Y._Tsien,Nobel,Chemistry,"Biochemistry, Organic chemistry, Molecular Biology, Genetics",2008,male,alive
Harald zur Hausen,https://en.wikipedia.org/wiki/Harald_zur_Hausen,Nobel,Physiology or Medicine,Virology,2008,male,alive
Françoise Barré-Sinoussi,https://en.wikipedia.org/wiki/Fran%C3%A7oise_Barr%C3%A9-Sinoussi,Nobel,Physiology or Medicine,Virology,2008,female,alive
Luc Montagnier,https://en.wikipedia.org/wiki/Luc_Montagnier,Nobel,Physiology or Medicine,Virology,2008,male,alive
Paul Krugman,https://en.wikipedia.org/wiki/Paul_Krugman,Nobel,Economics,"International economics, Macroeconomics",2008,male,alive
Shizuo Akira,https://en.wikipedia.org/wiki/Shizuo_Akira,Citation Laureate,Physiology or Medicine,"Immunology, Innate host defense mechanisms",2008,male,alive
Bruce Beutler,https://en.wikipedia.org/wiki/Bruce_Beutler,Citation Laureate,Physiology or Medicine,"Immunology, Genetics",2008,male,alive
Jules A. Hoffmann,https://en.wikipedia.org/wiki/Jules_A._Hoffmann,Citation Laureate,Physiology or Medicine,"Immunology, Cell biology",2008,male,alive
Victor Ambros,https://en.wikipedia.org/wiki/Victor_Ambros,Citation Laureate,Physiology or Medicine,Molecular biology,2008,male,alive
Gary Ruvkun,https://en.wikipedia.org/wiki/Gary_Ruvkun,Citation Laureate,Physiology or Medicine,"Molecular biology, Genetics",2008,male,alive
Rory Collins,https://en.wikipedia.org/wiki/Rory_Collins,Citation Laureate,Physiology or Medicine,"Statin, Myocardial infarction, Hypercholesterolemia",2008,male,alive
Richard Peto,https://en.wikipedia.org/wiki/Richard_Peto,Citation Laureate,Physiology or Medicine,"Medical Statistics, Clinical Trials, Epidemiology of Smoking.",2008,male,alive
Andre Geim,https://en.wikipedia.org/wiki/Andre_Geim,Citation Laureate,Physics,Condensed matter physics,2008,male,alive
Konstantin Novoselov,https://en.wikipedia.org/wiki/Konstantin_Novoselov,Citation Laureate,Physics,Solid-state physics,2008,male,alive
Dan Shechtman ,https://en.wikipedia.org/wiki/Dan_Shechtman,Citation Laureate,Physics,Materials science,2008,male,alive
Vera Rubin,https://en.wikipedia.org/wiki/Vera_Rubin,Citation Laureate,Physics,"Astronomy,  Galaxy rotation problem",2008,female,alive
Roger Penrose,https://en.wikipedia.org/wiki/Roger_Penrose,Citation Laureate,Physics,"Mathematical physics, General relativity, Cosmology",2008,male,alive
Roger Y. Tsien,https://en.wikipedia.org/wiki/Roger_Y._Tsien,Citation Laureate,Chemistry,"Biochemistry, Organic chemistry, Molecular Biology, Genetics",2008,male,alive
Charles M. Lieber,https://en.wikipedia.org/wiki/Charles_M._Lieber,Citation Laureate,Chemistry,"Chemistry, Applied physics, Nanotechnology",2008,male,alive
Krzysztof Matyjaszewski,https://en.wikipedia.org/wiki/Krzysztof_Matyjaszewski,Citation Laureate,Chemistry,Polymer chemistry,2008,male,alive
Lars Peter Hansen,https://en.wikipedia.org/wiki/Lars_Peter_Hansen,Citation Laureate,Economics,Macroeconomics,2008,male,alive
Thomas J. Sargent,https://en.wikipedia.org/wiki/Thomas_J._Sargent,Citation Laureate,Economics,"Macroeconomics, Monetary economics",2008,male,alive
Christopher A. Sims,https://en.wikipedia.org/wiki/Christopher_A._Sims,Citation Laureate,Economics,"Macroeconomics, Econometrics, Time series",2008,male,alive
Armen Alchian,https://en.wikipedia.org/wiki/Armen_Alchian,Citation Laureate,Economics,"Economics, New institutional economics",2008,male,dead
Harold Demsetz,https://en.wikipedia.org/wiki/Harold_Demsetz,Citation Laureate,Economics,Managerial economics,2008,male,alive
Martin Feldstein,https://en.wikipedia.org/wiki/Martin_Feldstein,Citation Laureate,Economics,"Macroeconomics, Public economics",2008,male,alive
John G. Thompson,https://en.wikipedia.org/wiki/John_G._Thompson,Abel Prize,Mathematics,Group theory,2008,male,alive
Jacques Tits,https://en.wikipedia.org/wiki/Jacques_Tits,Abel Prize,Mathematics,"Group theory, Incidence geometry",2008,male,alive
G. David Tilman,https://en.wikipedia.org/wiki/G._David_Tilman,International Prize for Biology,Biology,"Ecology,  Conservation Biology,  Microbial Ecology",2008,male,alive
Barbara Liskov,https://en.wikipedia.org/wiki/Barbara_Liskov,Turing Award,Computer Science,Computer science,2008,female,alive
Gordon Moore,https://en.wikipedia.org/wiki/Gordon_Moore,IEEE Medal of Honor,Computer Science,Electrical engineering,2008,male,alive
Charles K. Kao,https://en.wikipedia.org/wiki/Charles_K._Kao,Nobel,Physics,"Optics, Electrical engineering",2009,male,alive
Willard S. Boyle,https://en.wikipedia.org/wiki/Willard_Boyle,Nobel,Physics,"Applied physics, Optics, Electrical engineering",2009,male,dead
George E. Smith,https://en.wikipedia.org/wiki/George_E._Smith,Nobel,Physics,"Applied physics, Optics, Electrical engineering",2009,male,alive
Venkatraman Ramakrishnan,https://en.wikipedia.org/wiki/Venkatraman_Ramakrishnan,Nobel,Chemistry,"Biochemistry, Biophysics",2009,male,alive
Thomas A. Steitz,https://en.wikipedia.org/wiki/Thomas_A._Steitz,Nobel,Chemistry,"Crystallography, Structural biology",2009,male,alive
Ada Yonath,https://en.wikipedia.org/wiki/Ada_Yonath,Nobel,Chemistry,Crystallography,2009,female,alive
Elizabeth Blackburn,https://en.wikipedia.org/wiki/Elizabeth_Blackburn,Nobel,Physiology or Medicine,Molecular biology,2009,female,alive
Carol W. Greider,https://en.wikipedia.org/wiki/Carol_W._Greider,Nobel,Physiology or Medicine,Molecular biology,2009,female,alive
Jack W. Szostak,https://en.wikipedia.org/wiki/Jack_W._Szostak,Nobel,Physiology or Medicine,"Biochemistry, Genetics, Synthetic Biology",2009,male,alive
Elinor Ostrom,https://en.wikipedia.org/wiki/Elinor_Ostrom,Nobel,Economics,"Public economics, Public choice theory",2009,female,alive
Oliver E. Williamson,https://en.wikipedia.org/wiki/Oliver_E._Williamson,Nobel,Economics,Microeconomics,2009,male,alive
Elizabeth Blackburn,https://en.wikipedia.org/wiki/Elizabeth_Blackburn,Citation Laureate,Physiology or Medicine,Molecular biology,2009,female,alive
Carol W. Greider,https://en.wikipedia.org/wiki/Carol_W._Greider,Citation Laureate,Physiology or Medicine,Molecular biology,2009,female,alive
Jack W. Szostak,https://en.wikipedia.org/wiki/Jack_W._Szostak,Citation Laureate,Physiology or Medicine,"Biochemistry, Genetics, Synthetic Biology",2009,male,alive
James E. Rothman,https://en.wikipedia.org/wiki/James_Rothman,Citation Laureate,Physiology or Medicine,Cell biology,2009,male,alive
Randy W. Schekman,https://en.wikipedia.org/wiki/Randy_Schekman,Citation Laureate,Physiology or Medicine,Biochemistry,2009,male,alive
Seiji Ogawa,https://en.wikipedia.org/wiki/Seiji_Ogawa,Citation Laureate,Physiology or Medicine,Biophysics,2009,male,alive
Yakir Aharonov,https://en.wikipedia.org/wiki/Yakir_Aharonov,Citation Laureate,Physics,Quantum physics,2009,male,alive
Michael Berry,https://en.wikipedia.org/wiki/Michael_Berry_(physicist),Citation Laureate,Physics,Mathematical physics,2009,male,alive
John Pendry,https://en.wikipedia.org/wiki/John_Pendry,Citation Laureate,Physics,"Theoretical physics,  Nano-optics, Optics",2009,male,alive
Sheldon Schultz,https://de.wikipedia.org/wiki/Sheldon_Schultz,Citation Laureate,Physics,Theoretical physics,2009,male,alive
David R. Smith,https://en.wikipedia.org/wiki/David_R._Smith,Citation Laureate,Physics,"Theoretical physics, Electromagnetic metamaterials",2009,male,alive
Juan Ignacio Cirac Sasturain,https://en.wikipedia.org/wiki/Juan_Ignacio_Cirac_Sasturain,Citation Laureate,Physics,"Physics, Quantum physics",2009,male,alive
Peter Zoller,https://en.wikipedia.org/wiki/Peter_Zoller,Citation Laureate,Physics,"Quantum optics, Quantum information",2009,male,alive
Michael Grätzel,https://en.wikipedia.org/wiki/Michael_Gr%C3%A4tzel,Citation Laureate,Chemistry,Photochemistry,2009,male,alive
Jacqueline Barton,https://en.wikipedia.org/wiki/Jacqueline_Barton,Citation Laureate,Chemistry,"Biophysics, Biochemistry",2009,female,alive
Bernd Giese,https://en.wikipedia.org/wiki/Bernd_Giese,Citation Laureate,Chemistry,Bio-organic chemistry,2009,male,alive
Gary Schuster,https://en.wikipedia.org/wiki/Gary_Schuster,Citation Laureate,Chemistry,"Chemistry, Biochemistry",2009,male,alive
Benjamin List,https://de.wikipedia.org/wiki/Benjamin_List,Citation Laureate,Chemistry,Chemistry,2009,male,alive
Ernst Fehr,https://en.wikipedia.org/wiki/Ernst_Fehr,Citation Laureate,Economics,Behavioral economics,2009,male,alive
Matthew Rabin,https://en.wikipedia.org/wiki/Matthew_Rabin,Citation Laureate,Economics,"Behavioral economics, Game theory",2009,male,alive
William Nordhaus,https://en.wikipedia.org/wiki/William_Nordhaus,Citation Laureate,Economics,Environmental economics,2009,male,alive
Martin Weitzman,https://en.wikipedia.org/wiki/Martin_Weitzman,Citation Laureate,Economics,Environmental economics,2009,male,alive
Jordi Galí,https://en.wikipedia.org/wiki/Jordi_Gal%C3%AD,Citation Laureate,Economics,Macroeconomics,2009,male,alive
Mark Gertler,https://en.wikipedia.org/wiki/Mark_Gertler_(economist),Citation Laureate,Economics,"Macroeconomics, Monetary economics",2009,male,alive
Mikhail Leonidovich Gromov,https://en.wikipedia.org/wiki/Mikhail_Leonidovich_Gromov,Abel Prize,Mathematics,Geometric group theory,2009,male,alive
Winslow Briggs,https://en.wikipedia.org/wiki/Winslow_Briggs,International Prize for Biology,Biology,Molecular biology,2009,male,alive
Charles P. Thacker,https://en.wikipedia.org/wiki/Charles_P._Thacker,Turing Award,Computer Science,Computer Science,2009,male,alive
Robert H. Dennard,https://en.wikipedia.org/wiki/Robert_H._Dennard,IEEE Medal of Honor,Computer Science,Electrical engineering,2009,male,alive
Andre Geim,https://en.wikipedia.org/wiki/Andre_Geim,Nobel,Physics,Condensed matter physics,2010,male,alive
Konstantin Novoselov,https://en.wikipedia.org/wiki/Konstantin_Novoselov,Nobel,Physics,Solid-state physics,2010,male,alive
Richard F. Heck,https://en.wikipedia.org/wiki/Richard_F._Heck,Nobel,Chemistry,Organic chemistry,2010,male,dead
Ei-ichi Negishi,https://en.wikipedia.org/wiki/Ei-ichi_Negishi,Nobel,Chemistry,Organic chemistry,2010,male,alive
Akira Suzuki,https://en.wikipedia.org/wiki/Akira_Suzuki_(chemist),Nobel,Chemistry,Organic chemistry,2010,male,alive
Robert G. Edwards,https://en.wikipedia.org/wiki/Robert_Edwards_(physiologist),Nobel,Physiology or Medicine,"Physiology, Reproductive medicine",2010,male,dead
Peter A. Diamond,https://en.wikipedia.org/wiki/Peter_Diamond,Nobel,Economics,"Political economics, Welfare economics, Behavioral economics",2010,male,alive
Dale T. Mortensen,https://en.wikipedia.org/wiki/Dale_T._Mortensen,Nobel,Economics,Labor economics,2010,male,dead
Christopher A. Pissarides,https://en.wikipedia.org/wiki/Christopher_A._Pissarides,Nobel,Economics,Labour economics,2010,male,alive
Douglas Coleman,https://en.wikipedia.org/wiki/Douglas_L._Coleman,Citation Laureate,Physiology or Medicine,Biochemistry,2010,male,dead
Jeffrey M. Friedman,https://en.wikipedia.org/wiki/Jeffrey_M._Friedman,Citation Laureate,Physiology or Medicine,Molecular geneticist,2010,male,alive
Ernest McCulloch,https://en.wikipedia.org/wiki/Ernest_McCulloch,Citation Laureate,Physiology or Medicine,"Cellular biology, Hematology,  Stem cell",2010,male,dead
James Till,https://en.wikipedia.org/wiki/James_Till,Citation Laureate,Physiology or Medicine,Biophysics,2010,male,alive
Shinya Yamanaka,https://en.wikipedia.org/wiki/Shinya_Yamanaka,Citation Laureate,Physiology or Medicine,Stem cell ,2010,male,alive
Ralph M. Steinman,https://en.wikipedia.org/wiki/Ralph_M._Steinman,Citation Laureate,Physiology or Medicine,"Immunology, Cell Biology",2010,male,dead
Saul Perlmutter,https://en.wikipedia.org/wiki/Saul_Perlmutter,Citation Laureate,Physics,Astrophysics,2010,male,alive
Adam G. Riess,https://en.wikipedia.org/wiki/Adam_Riess,Citation Laureate,Physics,Astrophysics,2010,male,alive
Brian Schmidt,https://en.wikipedia.org/wiki/Brian_Schmidt,Citation Laureate,Physics,Astrophysics,2010,male,alive
Charles L. Bennett,https://en.wikipedia.org/wiki/Charles_L._Bennett,Citation Laureate,Physics,Astrophysics,2010,male,alive
Lyman Page,https://en.wikipedia.org/wiki/Lyman_Page,Citation Laureate,Physics,Cosmology,2010,male,alive
David Spergel,https://en.wikipedia.org/wiki/David_Spergel,Citation Laureate,Physics,Astrophysics,2010,male,alive
Thomas Ebbesen,https://en.wikipedia.org/wiki/Thomas_Ebbesen,Citation Laureate,Physics,"Physical chemistry, Nanophotonics",2010,male,alive
Patrick O. Brown,https://en.wikipedia.org/wiki/Patrick_O._Brown,Citation Laureate,Chemistry,Biochemistry,2010,male,alive
Susumu Kitagawa,https://de.wikipedia.org/wiki/Susumu_Kitagawa,Citation Laureate,Chemistry,"Chemistry, Inorganic chemistry",2010,male,alive
Omar M. Yaghi,https://en.wikipedia.org/wiki/Omar_M._Yaghi,Citation Laureate,Chemistry,"Chemistry, Nanotechnology",2010,male,alive
Stephen J. Lippard,https://en.wikipedia.org/wiki/Stephen_J._Lippard,Citation Laureate,Chemistry,Bioinorganic chemistry,2010,male,alive
Alberto Alesina,https://en.wikipedia.org/wiki/Alberto_Alesina,Citation Laureate,Economics,Political economics,2010,male,alive
Nobuhiro Kiyotaki,https://en.wikipedia.org/wiki/Nobuhiro_Kiyotaki,Citation Laureate,Economics,Macroeconomics,2010,male,alive
John Hardman Moore,https://en.wikipedia.org/wiki/John_Hardman_Moore,Citation Laureate,Economics,Political Economics,2010,male,alive
Kevin M. Murphy,https://en.wikipedia.org/wiki/Kevin_M._Murphy,Citation Laureate,Economics,Social economics,2010,male,alive
Ngô B?o Châu,https://en.wikipedia.org/wiki/Ng%C3%B4_B%E1%BA%A3o_Ch%C3%A2u,Fields Medal,Mathematics,Mathematics,2010,male,alive
Cédric Villani,https://en.wikipedia.org/wiki/C%C3%A9dric_Villani,Fields Medal,Mathematics,Calculus,2010,male,alive
Stanislav Smirnov,https://en.wikipedia.org/wiki/Stanislav_Smirnov,Fields Medal,Mathematics,"Complex analysis, Dynamical systems, Probability theory",2010,male,alive
Elon Lindenstrauss,https://en.wikipedia.org/wiki/Elon_Lindenstrauss,Fields Medal,Mathematics,"Mathematics, Ergodic theory ",2010,male,alive
John Tate,https://en.wikipedia.org/wiki/John_Tate,Abel Prize,Mathematics,"Algebraic number theory, Arithmetic geometry, Algebraic geometry",2010,male,alive
Nancy A. Moran,https://en.wikipedia.org/wiki/Nancy_A._Moran,International Prize for Biology,Biology,Evolutionary biology,2010,female,alive
Leslie Valiant,https://en.wikipedia.org/wiki/Leslie_Valiant,Turing Award,Computer Science,"Mathematics, Computer Science",2010,male,alive
Andrew Viterbi,https://en.wikipedia.org/wiki/Andrew_Viterbi,IEEE Medal of Honor,Computer Science,Electrical engineering,2010,male,alive
Saul Perlmutter,https://en.wikipedia.org/wiki/Saul_Perlmutter,Nobel,Physics,Astrophysics,2011,male,alive
Adam G. Riess,https://en.wikipedia.org/wiki/Adam_Riess,Nobel,Physics,Astrophysics,2011,male,alive
Brian Schmidt,https://en.wikipedia.org/wiki/Brian_Schmidt,Nobel,Physics,Astrophysics,2011,male,alive
Dan Shechtman ,https://en.wikipedia.org/wiki/Dan_Shechtman,Nobel,Chemistry,Materials science,2011,male,alive
Bruce Beutler,https://en.wikipedia.org/wiki/Bruce_Beutler,Nobel,Physiology or Medicine,Immunology,2011,male,alive
Jules A. Hoffmann,https://en.wikipedia.org/wiki/Jules_A._Hoffmann,Nobel,Physiology or Medicine,"Immunology, Cell biology",2011,male,alive
Ralph M. Steinman,https://en.wikipedia.org/wiki/Ralph_M._Steinman,Nobel,Physiology or Medicine,"Immunology, Cell biology",2011,male,dead
Thomas J. Sargent,https://en.wikipedia.org/wiki/Thomas_J._Sargent,Nobel,Economics,"Macroeconomics, Monetary economics",2011,male,alive
Christopher A. Sims,https://en.wikipedia.org/wiki/Christopher_A._Sims,Nobel,Economics,"Macroeconomics, Monetary economics, Time series",2011,male,alive
Brian Druker,https://en.wikipedia.org/wiki/Brian_Druker,Citation Laureate,Physiology or Medicine,"Medicine, Oncology, Leukemia Research",2011,male,alive
Nicholas Lydon,https://en.wikipedia.org/wiki/Nicholas_Lydon,Citation Laureate,Physiology or Medicine,"Biochemistry, Oncology, Leukemia Research",2011,male,alive
Charles Sawyers,https://en.wikipedia.org/wiki/Charles_Sawyers,Citation Laureate,Physiology or Medicine,Oncology,2011,male,alive
Robert S. Langer,https://en.wikipedia.org/wiki/Robert_S._Langer,Citation Laureate,Physiology or Medicine,Biomedical Engineering,2011,male,alive
Joseph P. Vacanti,https://de.wikipedia.org/wiki/Joseph_P._Vacanti,Citation Laureate,Physiology or Medicine,"Medicine, Transplantation",2011,male,alive
Jacques Miller,https://en.wikipedia.org/wiki/Jacques_Miller,Citation Laureate,Physiology or Medicine,Immunology,2011,male,alive
Robert L. Coffman,https://de.wikipedia.org/wiki/Robert_L._Coffman,Citation Laureate,Physiology or Medicine,"Biotechnology, Immunology",2011,male,alive
Tim Mosmann,https://de.wikipedia.org/wiki/Tim_Mosmann,Citation Laureate,Physiology or Medicine,"Microbiology, Immunology",2011,male,alive
Alain Aspect,https://en.wikipedia.org/wiki/Alain_Aspect,Citation Laureate,Physics,Quantum mechanics,2011,male,alive
John Clauser,https://en.wikipedia.org/wiki/John_Clauser,Citation Laureate,Physics,Quantum mechanics,2011,male,alive
Anton Zeilinger,https://en.wikipedia.org/wiki/Anton_Zeilinger,Citation Laureate,Physics,Quantum information,2011,male,alive
Sajeev John,https://en.wikipedia.org/wiki/Sajeev_John,Citation Laureate,Physics,"Physics, Wave theory",2011,male,alive
Eli Yablonovitch,https://en.wikipedia.org/wiki/Eli_Yablonovitch,Citation Laureate,Physics,Electrical Engineering,2011,male,alive
Hideo Ohno,https://en.wikipedia.org/wiki/Hideo_Ohno,Citation Laureate,Physics,Spintronics,2011,male,alive
Martin Karplus,https://en.wikipedia.org/wiki/Martin_Karplus,Citation Laureate,Chemistry,"Quantum chemistry, Nuclear magnetic resonance spectroscopy",2011,male,alive
Allen J. Bard,https://en.wikipedia.org/wiki/Allen_J._Bard,Citation Laureate,Chemistry,Electrochemistry,2011,male,alive
Jean Fréchet,https://en.wikipedia.org/wiki/Jean_Fr%C3%A9chet,Citation Laureate,Chemistry,Nanotechnology,2011,male,alive
Donald A. Tomalia,https://de.wikipedia.org/wiki/Donald_A._Tomalia,Citation Laureate,Chemistry,Polymer chemistry,2011,male,alive
Fritz Vögtle,https://de.wikipedia.org/wiki/Fritz_V%C3%B6gtle,Citation Laureate,Chemistry,"Organic chemistry, Supramolecular chemistry",2011,male,alive
Douglas Diamond,https://en.wikipedia.org/wiki/Douglas_Diamond,Citation Laureate,Economics,Finance,2011,male,alive
Anne Osborn Krueger,https://en.wikipedia.org/wiki/Anne_Osborn_Krueger,Citation Laureate,Economics,"International economy,  Political economy, Trade policy",2011,female,alive
Gordon Tullock,https://en.wikipedia.org/wiki/Gordon_Tullock,Citation Laureate,Economics,"Law and economics, Public choice theory",2011,male,dead
Jerry A. Hausman,https://en.wikipedia.org/wiki/Jerry_A._Hausman,Citation Laureate,Economics,Econometrics,2011,male,alive
Halbert White,https://en.wikipedia.org/wiki/Halbert_White,Citation Laureate,Economics,Econometrics,2011,male,dead
John Milnor,https://en.wikipedia.org/wiki/John_Milnor,Abel Prize,Mathematics,"Differential topology, K-theory, Dynamical systems",2011,male,alive
Eric H. Davidson,https://en.wikipedia.org/wiki/Eric_H._Davidson,International Prize for Biology,Biology,Developmental biology,2011,male,dead
Judea Pearl,https://en.wikipedia.org/wiki/Judea_Pearl,Turing Award,Computer Science,"Computer Science, Statistics",2011,male,alive
Morris Chang,https://en.wikipedia.org/wiki/Morris_Chang,IEEE Medal of Honor,Computer Science,Electrical engineering,2011,male,alive
Serge Haroche,https://en.wikipedia.org/wiki/Serge_Haroche,Nobel,Physics,Quantum mechanics,2012,male,alive
David J. Wineland,https://en.wikipedia.org/wiki/David_J._Wineland,Nobel,Physics,"Optics, Quantum mechanics",2012,male,alive
Brian K. Kobilka,https://en.wikipedia.org/wiki/Brian_Kobilka,Nobel,Chemistry,Crystallography,2012,male,alive
Robert J. Lefkowitz,https://en.wikipedia.org/wiki/Robert_Lefkowitz,Nobel,Chemistry,"Receptor Biology, Biochemistry",2012,male,alive
John B. Gurdon,https://en.wikipedia.org/wiki/John_Gurdon,Nobel,Physiology or Medicine,Developmental biology,2012,male,alive
Shinya Yamanaka,https://en.wikipedia.org/wiki/Shinya_Yamanaka,Nobel,Physiology or Medicine,Stem cell ,2012,male,alive
Alvin E. Roth,https://en.wikipedia.org/wiki/Alvin_E._Roth,Nobel,Economics,"Game theory, Market design, Experimental economics",2012,male,alive
Lloyd S. Shapley,https://en.wikipedia.org/wiki/Lloyd_Shapley,Nobel,Economics,"Mathematical economics, Game theory",2012,male,dead
Richard Hynes,https://en.wikipedia.org/wiki/Richard_Hynes,Citation Laureate,Physiology or Medicine,"Stem cell, Oncology",2012,male,alive
Erkki Ruoslahti,https://en.wikipedia.org/wiki/Erkki_Ruoslahti,Citation Laureate,Physiology or Medicine,"Biology of extracellular matrix, Stem cell, Oncology",2012,male,alive
Masatoshi Takeichi,https://en.wikipedia.org/wiki/Masatoshi_Takeichi,Citation Laureate,Physiology or Medicine,Cell biology,2012,male,alive
Anthony R. Hunter,https://en.wikipedia.org/wiki/Anthony_R._Hunter,Citation Laureate,Physiology or Medicine,"Biochemistry, Oncology",2012,male,alive
Anthony Pawson,https://en.wikipedia.org/wiki/Anthony_Pawson,Citation Laureate,Physiology or Medicine,"Genetics, Microbiology",2012,male,dead
Charles David Allis,https://en.wikipedia.org/wiki/Charles_David_Allis,Citation Laureate,Physiology or Medicine,Molecular biology,2012,male,alive
Michael Grunstein,https://en.wikipedia.org/wiki/Michael_Grunstein,Citation Laureate,Physiology or Medicine,Biological Chemistry,2012,male,alive
Stephen E. Harris,https://en.wikipedia.org/wiki/Stephen_E._Harris,Citation Laureate,Physics,Electromagnetically induced transparency,2012,male,alive
Lene Hau,https://en.wikipedia.org/wiki/Lene_Hau,Citation Laureate,Physics,Nanotechnology,2012,female,alive
Leigh Canham,https://en.wikipedia.org/wiki/Leigh_Canham,Citation Laureate,Physics,Optoelectronic,2012,male,alive
Charles H. Bennett,https://en.wikipedia.org/wiki/Charles_H._Bennett_(computer_scientist),Citation Laureate,Physics,"Computer science, Quantum information",2012,male,alive
Gilles Brassard,https://en.wikipedia.org/wiki/Gilles_Brassard,Citation Laureate,Physics,"Computer Science, Cryptography, Quantum information",2012,male,alive
William Wootters,https://en.wikipedia.org/wiki/William_Wootters,Citation Laureate,Physics,Quantum information theory,2012,male,alive
Louis E. Brus,https://en.wikipedia.org/wiki/Louis_E._Brus,Citation Laureate,Chemistry,Chemical Physics,2012,male,alive
Masatake Haruta,https://de.wikipedia.org/wiki/Masatake_Haruta,Citation Laureate,Chemistry,Chemistry,2012,male,alive
Graham Hutchings,https://en.wikipedia.org/wiki/Graham_Hutchings,Citation Laureate,Chemistry,Physical Chemistry,2012,male,alive
Akira Fujishima,https://en.wikipedia.org/wiki/Akira_Fujishima,Citation Laureate,Chemistry,"Photoelectrochemistry, Photofunctional Materials, Diamond Electrochemistry",2012,male,alive
Angus Deaton,https://en.wikipedia.org/wiki/Angus_Deaton,Citation Laureate,Economics,Microeconomics,2012,male,alive
Stephen Ross,https://en.wikipedia.org/wiki/Stephen_Ross_(economist),Citation Laureate,Economics,Financial economics,2012,male,alive
Tony Atkinson,https://en.wikipedia.org/wiki/Tony_Atkinson,Citation Laureate,Economics," Economics of income distribution, Microeconomics",2012,male,alive
Robert J. Shiller,https://en.wikipedia.org/wiki/Robert_J._Shiller,Citation Laureate,Economics,"Financial economics, Behavioral finance",2012,male,alive
Endre Szemerédi,https://en.wikipedia.org/wiki/Endre_Szemer%C3%A9di,Abel Prize,Mathematics,"Combinatorics, Computer science, Theoretical computer science",2012,male,alive
Joseph Altman,https://en.wikipedia.org/wiki/Joseph_Altman,International Prize for Biology,Biology,Neurobiology,2012,male,alive
Silvio Micali,https://en.wikipedia.org/wiki/Silvio_Micali,Turing Award,Computer Science,"Computer Science, Cryptography",2012,male,alive
Shafi Goldwasser,https://en.wikipedia.org/wiki/Shafi_Goldwasser,Turing Award,Computer Science,"Computer science, Cryptography",2012,female,alive
John L. Hennessy,https://en.wikipedia.org/wiki/John_L._Hennessy,IEEE Medal of Honor,Computer Science,Information technology,2012,male,alive
François Englert,https://en.wikipedia.org/wiki/Fran%C3%A7ois_Englert,Nobel,Physics,"Theoretical physics, Statistical physics, Quantum field theory, Cosmology, String theory, Supergravity",2013,male,alive
Peter W. Higgs,https://en.wikipedia.org/wiki/Peter_Higgs,Nobel,Physics,"Theoretical physics, Subatomic particles",2013,male,alive
Martin Karplus,https://en.wikipedia.org/wiki/Martin_Karplus,Nobel,Chemistry,"Quantum chemistry, Nuclear magnetic resonance spectroscopy",2013,male,alive
Michael Levitt,https://en.wikipedia.org/wiki/Michael_Levitt,Nobel,Chemistry,"Computational Structural Biology, Structure Determination, Simulation of Mesoscale Molecular Dynamics",2013,male,alive
Arieh Warshel,https://en.wikipedia.org/wiki/Arieh_Warshel,Nobel,Chemistry,"Chemistry, Biochemistry, Biophysics",2013,male,alive
James E. Rothman,https://en.wikipedia.org/wiki/James_Rothman,Nobel,Physiology or Medicine,Cell biology,2013,male,alive
Randy W. Schekman,https://en.wikipedia.org/wiki/Randy_Schekman,Nobel,Physiology or Medicine,Biochemistry,2013,male,alive
Thomas C. Südhof,https://en.wikipedia.org/wiki/Thomas_C._S%C3%BCdhof,Nobel,Physiology or Medicine,"Biochemistry, Neuroscience",2013,male,alive
Eugene F. Fama,https://en.wikipedia.org/wiki/Eugene_Fama,Nobel,Economics,"Financial economics, Organizational economics, Macroeconomics",2013,male,alive
Lars Peter Hansen,https://en.wikipedia.org/wiki/Lars_Peter_Hansen,Nobel,Economics,Macroeconomics,2013,male,alive
Robert J. Shiller,https://en.wikipedia.org/wiki/Robert_J._Shiller,Nobel,Economics,"Financial economics, Behavioral finance",2013,male,alive
Daniel J. Klionsky,https://de.wikipedia.org/wiki/Daniel_J._Klionsky,Citation Laureate,Physiology or Medicine,Molecular biology,2013,male,alive
Noboru Mizushima,https://de.wikipedia.org/wiki/Noboru_Mizushima,Citation Laureate,Physiology or Medicine,Autophagy,2013,male,alive
Yoshinori Ohsumi,https://en.wikipedia.org/wiki/Yoshinori_Ohsumi,Citation Laureate,Physiology or Medicine,"Cell biology, Autophagy",2013,male,alive
Adrian Bird,https://en.wikipedia.org/wiki/Adrian_Bird,Citation Laureate,Physiology or Medicine,"Genetics, Epigenetics",2013,male,alive
Howard Cedar,https://en.wikipedia.org/wiki/Howard_Cedar,Citation Laureate,Physiology or Medicine,Molecular Biology,2013,male,alive
Aharon Razin,https://en.wikipedia.org/wiki/Aharon_Razin,Citation Laureate,Physiology or Medicine,"Biochemistry, Molecular biology",2013,male,alive
Dennis Slamon,https://en.wikipedia.org/wiki/Dennis_Slamon,Citation Laureate,Physiology or Medicine,"Oncology, Hematology",2013,male,alive
François Englert,https://en.wikipedia.org/wiki/Fran%C3%A7ois_Englert,Citation Laureate,Physics,"Theoretical physics, Statistical physics, Quantum field theory, Cosmology, String theory, Supergravity",2013,male,alive
Peter W. Higgs,https://en.wikipedia.org/wiki/Peter_Higgs,Citation Laureate,Physics,"Theoretical physics, Subatomic particles",2013,male,alive
Geoffrey Marcy,https://en.wikipedia.org/wiki/Geoffrey_Marcy,Citation Laureate,Physics,"Astronomy, Astrophysics",2013,male,alive
Michel Mayor,https://en.wikipedia.org/wiki/Michel_Mayor,Citation Laureate,Physics,Astrophysics,2013,male,alive
Didier Queloz,https://en.wikipedia.org/wiki/Didier_Queloz,Citation Laureate,Physics,Astrophysics,2013,male,alive
Hideo Hosono,https://en.wikipedia.org/wiki/Hideo_Hosono,Citation Laureate,Physics,Materials science,2013,male,alive
Bruce Ames,https://en.wikipedia.org/wiki/Bruce_Ames,Citation Laureate,Chemistry,"Molecular Biology, Biochemistry",2013,male,alive
Paul Alivisatos,https://en.wikipedia.org/wiki/Paul_Alivisatos,Citation Laureate,Chemistry,Nanotechnology,2013,male,alive
Chad Mirkin,https://en.wikipedia.org/wiki/Chad_Mirkin,Citation Laureate,Chemistry,Nanotechnology,2013,male,alive
Nadrian Seeman,https://en.wikipedia.org/wiki/Nadrian_Seeman,Citation Laureate,Chemistry,"Nanotechnology, Crystallography",2013,male,alive
M. G. Finn,https://de.wikipedia.org/wiki/M._G._Finn,Citation Laureate,Chemistry,Chemistry,2013,male,alive
Valery V. Fokin,https://de.wikipedia.org/wiki/Valery_V._Fokin,Citation Laureate,Chemistry,"Catalysis, Click chemistry",2013,male,alive
Karl Barry Sharpless,https://en.wikipedia.org/wiki/Karl_Barry_Sharpless,Citation Laureate,Chemistry,Enantioselective synthesis,2013,male,alive
David Forbes Hendry,https://en.wikipedia.org/wiki/David_Forbes_Hendry,Citation Laureate,Economics,Econometrics,2013,male,alive
M. Hashem Pesaran,https://en.wikipedia.org/wiki/M._Hashem_Pesaran,Citation Laureate,Economics,Econometrics,2013,male,alive
Peter C. B. Phillips,https://en.wikipedia.org/wiki/Peter_C._B._Phillips,Citation Laureate,Economics,Econometrics,2013,male,alive
Sam Peltzman,https://en.wikipedia.org/wiki/Sam_Peltzman,Citation Laureate,Economics,"Public economy, Private economy",2013,male,alive
Richard Posner,https://en.wikipedia.org/wiki/Richard_Posner,Citation Laureate,Economics,Law and economics,2013,male,alive
Joshua Angrist,https://en.wikipedia.org/wiki/Joshua_Angrist,Citation Laureate,Economics,"Econometrics, Labour economics",2013,male,alive
David Card,https://en.wikipedia.org/wiki/David_Card,Citation Laureate,Economics,Labour economics,2013,male,alive
Alan Krueger,https://en.wikipedia.org/wiki/Alan_Krueger,Citation Laureate,Economics,Labour economics,2013,male,alive
Pierre Deligne,https://en.wikipedia.org/wiki/Pierre_Deligne,Abel Prize,Mathematics,Weil conjectures,2013,male,alive
Joseph Felsenstein,https://en.wikipedia.org/wiki/Joseph_Felsenstein,International Prize for Biology,Biology,"Systematics, Phylogenetics, Population genetics, Phylogenetic comparative methods",2013,male,alive
Leslie Lamport,https://en.wikipedia.org/wiki/Leslie_Lamport,Turing Award,Computer Science,"Computer science, Distributed systems",2013,male,alive
Irwin M. Jacobs,https://en.wikipedia.org/wiki/Irwin_M._Jacobs,IEEE Medal of Honor,Computer Science,Electrical engineering,2013,male,alive
Isamu Akasaki,https://en.wikipedia.org/wiki/Isamu_Akasaki,Nobel,Physics,Semiconductor technology,2014,male,alive
Hiroshi Amano,https://en.wikipedia.org/wiki/Hiroshi_Amano,Nobel,Physics,Semiconductor technology,2014,male,alive
Shuji Nakamura,https://en.wikipedia.org/wiki/Shuji_Nakamura,Nobel,Physics,"Solid-state physics, Engineering",2014,male,alive
Eric Betzig,https://en.wikipedia.org/wiki/Eric_Betzig,Nobel,Chemistry,Applied physics,2014,male,alive
Stefan Hell,https://en.wikipedia.org/wiki/Stefan_Hell,Nobel,Chemistry,Physical chemistry,2014,male,alive
William Moerner,https://en.wikipedia.org/wiki/William_E._Moerner,Nobel,Chemistry,"Chemistry, Applied physics, Biophysics",2014,male,alive
John O'Keefe,https://en.wikipedia.org/wiki/John_O%27Keefe_(neuroscientist),Nobel,Physiology or Medicine,Neuroscience,2014,male,alive
May-Britt Moser,https://en.wikipedia.org/wiki/May-Britt_Moser,Nobel,Physiology or Medicine,Neuroscience,2014,female,alive
Edvard Moser,https://en.wikipedia.org/wiki/Edvard_Moser,Nobel,Physiology or Medicine,Neuroscience,2014,male,alive
Jean Tirole,https://en.wikipedia.org/wiki/Jean_Tirole,Nobel,Economics,"Microeconomics, Game theory, Industrial organization",2014,male,alive
James E. Darnell,https://en.wikipedia.org/wiki/James_E._Darnell,Citation Laureate,Physiology or Medicine,"Biochemistry, Molecular Biology, Developmental Biology",2014,male,alive
David Julius,https://en.wikipedia.org/wiki/David_Julius,Citation Laureate,Physiology or Medicine,Physiology,2014,male,alive
Charles Lee,https://en.wikipedia.org/wiki/Charles_Lee_(scientist),Citation Laureate,Physiology or Medicine,"Human Genomics, Cytogenetics, Pathology",2014,male,alive
Robert G. Roeder,https://en.wikipedia.org/wiki/Robert_G._Roeder,Citation Laureate,Physiology or Medicine,Eukaryotic transcription,2014,male,alive
Stephen W. Scherer,https://en.wikipedia.org/wiki/Stephen_W._Scherer,Citation Laureate,Physiology or Medicine,"Human Genomics, Genetics",2014,male,alive
Robert Tjian,https://en.wikipedia.org/wiki/Robert_Tjian,Citation Laureate,Physiology or Medicine,Biochemistry,2014,male,alive
Michael Wigler,https://en.wikipedia.org/wiki/Michael_Wigler,Citation Laureate,Physiology or Medicine,Molecular biology,2014,male,alive
Charles L. Kane,https://en.wikipedia.org/wiki/Charles_L._Kane,Citation Laureate,Physics,"Theoretical physics, Condensed matter physics",2014,male,alive
Laurens W. Molenkamp,https://en.wikipedia.org/wiki/Laurens_W._Molenkamp,Citation Laureate,Physics,Condensed matter physics,2014,male,alive
Ramamoorthy Ramesh,https://en.wikipedia.org/wiki/Ramamoorthy_Ramesh,Citation Laureate,Physics,Materials Sciences,2014,male,alive
James F. Scott,https://de.wikipedia.org/wiki/James_F._Scott,Citation Laureate,Physics,"Quantum optics, Ferroelectric RAM",2014,male,alive
Yoshinori Tokura,https://en.wikipedia.org/wiki/Yoshinori_Tokura,Citation Laureate,Physics,"Applied Physics, Strongly correlated material",2014,male,alive
Peidong Yang,https://en.wikipedia.org/wiki/Peidong_Yang,Citation Laureate,Physics,Materials science,2014,male,alive
Shoucheng Zhang,https://en.wikipedia.org/wiki/Shoucheng_Zhang,Citation Laureate,Physics,Condensed matter physics,2014,male,alive
Graeme Moad,https://en.wikipedia.org/wiki/Graeme_Moad,Citation Laureate,Chemistry,Polymer chemistry,2014,male,alive
Charles T. Kresge,https://en.wikipedia.org/wiki/Charles_T._Kresge,Citation Laureate,Chemistry,"Inorganic synthesis,  Crystalline aluminosilicate materials",2014,male,alive
Ezio Rizzardo,https://de.wikipedia.org/wiki/Ezio_Rizzardo,Citation Laureate,Chemistry,Organic Chemistry,2014,male,alive
Ryoo Ryong,https://en.wikipedia.org/wiki/Ryoo_Ryong,Citation Laureate,Chemistry,Nanomaterials,2014,male,alive
Steven Van Slyke,https://en.wikipedia.org/wiki/Steven_Van_Slyke,Citation Laureate,Chemistry,Materials science,2014,male,alive
Galen D. Stucky,https://en.wikipedia.org/wiki/Galen_D._Stucky,Citation Laureate,Chemistry,Inorganic chemistry,2014,male,alive
Ching W. Tang,https://en.wikipedia.org/wiki/Ching_W._Tang,Citation Laureate,Chemistry, Chemical Engineering,2014,male,alive
Philippe Aghion,https://en.wikipedia.org/wiki/Philippe_Aghion,Citation Laureate,Economics,"New Dynamics, Endogenous growth theory, Econometrics, Macroeconomics",2014,male,alive
William Baumol,https://en.wikipedia.org/wiki/William_Baumol,Citation Laureate,Economics,"Microeconomics, Industrial organization, Entrepreneurshi",2014,male,alive
Mark Granovetter,https://en.wikipedia.org/wiki/Mark_Granovetter,Citation Laureate,Economics,"Economic sociology, Social network",2014,male,alive
Peter Howitt,https://en.wikipedia.org/wiki/Peter_Howitt_(economist),Citation Laureate,Economics,"New Dynamics, Monetary economics, Macroeconomics",2014,male,alive
Israel Kirzner,https://en.wikipedia.org/wiki/Israel_Kirzner,Citation Laureate,Economics,Economics,2014,male,alive
Artur Avila,https://en.wikipedia.org/wiki/Artur_Avila,Fields Medal,Mathematics,"Dynamical system, Spectral theory",2014,male,alive
Manjul Bhargava,https://en.wikipedia.org/wiki/Manjul_Bhargava,Fields Medal,Mathematics,Number theory,2014,male,alive
Martin Hairer,https://en.wikipedia.org/wiki/Martin_Hairer,Fields Medal,Mathematics,Probability theory,2014,male,alive
Maryam Mirzakhani,https://en.wikipedia.org/wiki/Maryam_Mirzakhani,Fields Medal,Mathematics,"Teichmüller theory, Hyperbolic geometry, Ergodic theory, Symplectic geometry",2014,female,alive
Yakov Sinai,https://en.wikipedia.org/wiki/Yakov_Sinai,Abel Prize,Mathematics,"Dynamical system, Mathematical physics, Probability theory",2014,male,alive
Peter Crane,https://en.wikipedia.org/wiki/Peter_Crane,International Prize for Biology,Biology,Biology,2014,male,alive
Michael Stonebraker,https://en.wikipedia.org/wiki/Michael_Stonebraker,Turing Award,Computer Science,Computer Science,2014,male,alive
B. Jayant Baliga,https://en.wikipedia.org/wiki/B._Jayant_Baliga,IEEE Medal of Honor,Computer Science,Electrical engineering,2014,male,alive
Takaaki Kajita,https://en.wikipedia.org/wiki/Takaaki_Kajita,Nobel,Physics,Cosmology,2015,male,alive
Arthur B. McDonald,https://en.wikipedia.org/wiki/Arthur_B._McDonald,Nobel,Physics,Astrophysics,2015,male,alive
Tomas Lindahl,https://en.wikipedia.org/wiki/Tomas_Lindahl,Nobel,Chemistry,"Cancer research, DNA repair",2015,male,alive
Paul L. Modrich,https://en.wikipedia.org/wiki/Paul_L._Modrich,Nobel,Chemistry,DNA mismatch repair,2015,male,alive
Aziz Sancar,https://en.wikipedia.org/wiki/Aziz_Sancar,Nobel,Chemistry,"Biochemistry, Molecular biology, DNA repair, Molecular biophysics, Cancer research",2015,male,alive
William C. Campbell,https://en.wikipedia.org/wiki/William_C._Campbell_(scientist),Nobel,Physiology or Medicine,Parasitic diseases,2015,male,alive
Satoshi ?mura,https://en.wikipedia.org/wiki/Satoshi_%C5%8Cmura,Nobel,Physiology or Medicine,Biochemistry,2015,male,alive
Tu Youyou,https://en.wikipedia.org/wiki/Tu_Youyou,Nobel,Physiology or Medicine,"Medicinal chemistry, Chinese herbology, Antimalarial medication, Clinical research",2015,female,alive
Angus Deaton,https://en.wikipedia.org/wiki/Angus_Deaton,Nobel,Economics,Microeconomics,2015,male,alive
Jeffrey I. Gordon,https://en.wikipedia.org/wiki/Jeffrey_I._Gordon,Citation Laureate,Physiology or Medicine,Medicine,2015,male,alive
Kazutoshi Mori,https://en.wikipedia.org/wiki/Kazutoshi_Mori,Citation Laureate,Physiology or Medicine,"Molecular biology, Cell biology",2015,male,alive
Peter Walter,https://en.wikipedia.org/wiki/Peter_Walter,Citation Laureate,Physiology or Medicine,"Molecular biology, Biochemistry",2015,male,alive
Alexander Y. Rudensky,https://de.wikipedia.org/wiki/Alexander_Y._Rudensky,Citation Laureate,Physiology or Medicine,Immunology,2015,male,alive
Shimon Sakaguchi,https://en.wikipedia.org/wiki/Shimon_Sakaguchi,Citation Laureate,Physiology or Medicine,"Pathology, Immunology",2015,male,alive
Ethan M. Shevach,https://de.wikipedia.org/wiki/Ethan_M._Shevach,Citation Laureate,Physiology or Medicine,Immunology,2015,male,alive
Paul Corkum,https://en.wikipedia.org/wiki/Paul_Corkum,Citation Laureate,Physics,"Attosecond physics, Laser science",2015,male,alive
Ferenc Krausz,https://en.wikipedia.org/wiki/Ferenc_Krausz,Citation Laureate,Physics,"Quantum field theory, Attophysics",2015,male,alive
Deborah S. Jin,https://en.wikipedia.org/wiki/Deborah_S._Jin,Citation Laureate,Physics,Polar molecular quantum chemistry,2015,female,alive
Zhong Lin Wang,https://en.wikipedia.org/wiki/Zhong_Lin_Wang,Citation Laureate,Physics,"Materials Science, Engineering",2015,male,alive
Carolyn R. Bertozzi,https://en.wikipedia.org/wiki/Carolyn_R._Bertozzi,Citation Laureate,Chemistry,"Chemical synthesis, Oligosaccharide",2015,female,alive
Emmanuelle Charpentier,https://en.wikipedia.org/wiki/Emmanuelle_Charpentier,Citation Laureate,Chemistry,"Microbiology, Genetics, Biochemistry",2015,female,alive
Jennifer Doudna,https://en.wikipedia.org/wiki/Jennifer_Doudna,Citation Laureate,Chemistry,Biochemistry,2015,female,alive
John B. Goodenough,https://en.wikipedia.org/wiki/John_B._Goodenough,Citation Laureate,Chemistry,Solid-state physics,2015,male,alive
M Stanley Whittingham,https://en.wikipedia.org/wiki/M_Stanley_Whittingham,Citation Laureate,Chemistry,Chemistry,2015,male,alive
Richard Blundell,https://en.wikipedia.org/wiki/Richard_Blundell,Citation Laureate,Economics,Econometrics,2015,male,alive
John A. List,https://en.wikipedia.org/wiki/John_A._List,Citation Laureate,Economics,"Prospect theory, Environmental economic",2015,male,alive
Charles F. Manski,https://en.wikipedia.org/wiki/Charles_F._Manski,Citation Laureate,Economics,Econometrics,2015,male,alive
Louis Nirenberg,https://en.wikipedia.org/wiki/Louis_Nirenberg,Abel Prize,Mathematics,Differential equations,2015,male,alive
John Forbes Nash Jr.,https://en.wikipedia.org/wiki/John_Forbes_Nash_Jr.,Abel Prize,Mathematics,"Game theory, Differential geometry, Partial differential equations",2015,male,dead
Yoshinori Ohsumi,https://en.wikipedia.org/wiki/Yoshinori_Ohsumi,International Prize for Biology,Biology,"Autophagy, Cell biology",2015,male,alive
Martin Hellman,https://en.wikipedia.org/wiki/Martin_Hellman,Turing Award,Computer Science,"Cryptography, Computer science, Electrical engineering",2015,male,alive
Whitfield Diffie,https://en.wikipedia.org/wiki/Whitfield_Diffie,Turing Award,Computer Science,Cryptography,2015,male,alive
Mildred Dresselhaus,https://en.wikipedia.org/wiki/Mildred_Dresselhaus,IEEE Medal of Honor,Computer Science,"Applied physics, Electrical engineering ",2015,female,alive
